-- phpMyAdmin SQL Dump
-- version 4.8.0.1
-- https://www.phpmyadmin.net/
--
-- Host: 127.0.0.1
-- Generation Time: Mar 23, 2020 at 11:20 PM
-- Server version: 10.1.32-MariaDB
-- PHP Version: 7.2.5

SET SQL_MODE = "NO_AUTO_VALUE_ON_ZERO";
SET AUTOCOMMIT = 0;
START TRANSACTION;
SET time_zone = "+00:00";


/*!40101 SET @OLD_CHARACTER_SET_CLIENT=@@CHARACTER_SET_CLIENT */;
/*!40101 SET @OLD_CHARACTER_SET_RESULTS=@@CHARACTER_SET_RESULTS */;
/*!40101 SET @OLD_COLLATION_CONNECTION=@@COLLATION_CONNECTION */;
/*!40101 SET NAMES utf8mb4 */;

--
-- Database: `agricultural_market_information`
--

-- --------------------------------------------------------

--
-- Table structure for table `district`
--

CREATE TABLE `district` (
  `district_id` int(11) NOT NULL,
  `region` varchar(100) NOT NULL,
  `zone` varchar(100) NOT NULL,
  `woreda` varchar(100) NOT NULL,
  `latitude` double NOT NULL,
  `longitude` double NOT NULL
) ENGINE=InnoDB DEFAULT CHARSET=latin1;

--
-- Dumping data for table `district`
--

INSERT INTO `district` (`district_id`, `region`, `zone`, `woreda`, `latitude`, `longitude`) VALUES
(1, 'Afar Region', '', 'Argobba Special Woreda', 0, 0),
(2, 'Afar Region', 'Zone 1 (Awsi Rasu)', 'Afambo', 0, 0),
(3, 'Afar Region', 'Zone 1 (Awsi Rasu)', 'Asayita', 0, 0),
(4, 'Afar Region', 'Zone 1 (Awsi Rasu)', 'Chifra', 0, 0),
(5, 'Afar Region', 'Zone 1 (Awsi Rasu)', 'Dubti', 0, 0),
(6, 'Afar Region', 'Zone 1 (Awsi Rasu)', 'Elidar', 0, 0),
(7, 'Afar Region', 'Zone 1 (Awsi Rasu)', 'Kori', 0, 0),
(8, 'Afar Region', 'Zone 1 (Awsi Rasu)', 'Mille', 0, 0),
(9, 'Afar Region', 'Zone 2 (Kilbet Rasu)', 'Abala', 0, 0),
(10, 'Afar Region', 'Zone 2 (Kilbet Rasu)', 'Afdera', 0, 0),
(11, 'Afar Region', 'Zone 2 (Kilbet Rasu)', 'Berhale', 0, 0),
(12, 'Afar Region', 'Zone 2 (Kilbet Rasu)', 'Dallol', 0, 0),
(13, 'Afar Region', 'Zone 2 (Kilbet Rasu)', 'Erebti', 0, 0),
(14, 'Afar Region', 'Zone 2 (Kilbet Rasu)', 'Koneba', 0, 0),
(15, 'Afar Region', 'Zone 2 (Kilbet Rasu)', 'Megale', 0, 0),
(16, 'Afar Region', 'Zone 3 (Gabi Rasu)', 'Amibara', 0, 0),
(17, 'Afar Region', 'Zone 3 (Gabi Rasu)', 'Awash Fentale', 0, 0),
(18, 'Afar Region', 'Zone 3 (Gabi Rasu)', 'Bure Mudaytu', 0, 0),
(19, 'Afar Region', 'Zone 3 (Gabi Rasu)', 'Dulecha', 0, 0),
(20, 'Afar Region', 'Zone 3 (Gabi Rasu)', 'Gewane', 0, 0),
(21, 'Afar Region', 'Zone 4 (Fantena Rasu)', 'Aura', 0, 0),
(22, 'Afar Region', 'Zone 4 (Fantena Rasu)', 'Ewa', 0, 0),
(23, 'Afar Region', 'Zone 4 (Fantena Rasu)', 'Gulina', 0, 0),
(24, 'Afar Region', 'Zone 4 (Fantena Rasu)', 'Teru', 0, 0),
(25, 'Afar Region', 'Zone 4 (Fantena Rasu)', 'Yalo', 0, 0),
(26, 'Afar Region', 'Zone 5 (Hari Rasu)', 'Dalifage (formerly known as Artuma)', 0, 0),
(27, 'Afar Region', 'Zone 5 (Hari Rasu)', 'Dewe', 0, 0),
(28, 'Afar Region', 'Zone 5 (Hari Rasu)', 'Hadele Ele (formerly known as Fursi)', 0, 0),
(29, 'Afar Region', 'Zone 5 (Hari Rasu)', 'Simurobi Gele\'alo', 0, 0),
(30, 'Afar Region', 'Zone 5 (Hari Rasu)', 'Telalak', 0, 0),
(31, 'Amhara Region', '--', 'Achefer', 0, 0),
(32, 'Amhara Region', '--', 'Angolalla Terana Asagirt', 0, 0),
(33, 'Amhara Region', '--', 'Artuma Fursina Jile', 0, 0),
(34, 'Amhara Region', '--', 'Banja', 0, 0),
(35, 'Amhara Region', '--', 'Belessa', 0, 0),
(36, 'Amhara Region', '--', 'Bure Wemberma', 0, 0),
(37, 'Amhara Region', '--', 'Chefe Golana Dewerahmedo', 0, 0),
(38, 'Amhara Region', '--', 'Dawuntna Delant', 0, 0),
(39, 'Amhara Region', '--', 'Gera Midirna Keya Gebriel', 0, 0),
(40, 'Amhara Region', '--', 'Mam Midrina Lalo Midir', 0, 0),
(41, 'Amhara Region', '--', 'Sanja', 0, 0),
(42, 'Amhara Region', 'Agew Awi Zone', 'Ankasha Guagusa', 0, 0),
(43, 'Amhara Region', 'Agew Awi Zone', 'Banja Shekudad', 0, 0),
(44, 'Amhara Region', 'Agew Awi Zone', 'Dangila', 0, 0),
(45, 'Amhara Region', 'Agew Awi Zone', 'Faggeta Lekoma', 0, 0),
(46, 'Amhara Region', 'Agew Awi Zone', 'Guagusa Shekudad', 0, 0),
(47, 'Amhara Region', 'Agew Awi Zone', 'Guangua', 0, 0),
(48, 'Amhara Region', 'Agew Awi Zone', 'Jawi', 0, 0),
(49, 'Amhara Region', 'East Gojjam Zone', 'Aneded', 0, 0),
(50, 'Amhara Region', 'East Gojjam Zone', 'Awabel', 0, 0),
(51, 'Amhara Region', 'East Gojjam Zone', 'Baso Liben', 0, 0),
(52, 'Amhara Region', 'East Gojjam Zone', 'Bibugn', 0, 0),
(53, 'Amhara Region', 'East Gojjam Zone', 'Debay Telatgen', 0, 0),
(54, 'Amhara Region', 'East Gojjam Zone', 'Debre Elias', 0, 0),
(55, 'Amhara Region', 'East Gojjam Zone', 'Debre Marqos (town)', 10.35, 37.733333),
(56, 'Amhara Region', 'East Gojjam Zone', 'Dejen', 0, 0),
(57, 'Amhara Region', 'East Gojjam Zone', 'Enarj Enawga', 0, 0),
(58, 'Amhara Region', 'East Gojjam Zone', 'Enbise Sar Midir', 0, 0),
(59, 'Amhara Region', 'East Gojjam Zone', 'Enemay', 0, 0),
(60, 'Amhara Region', 'East Gojjam Zone', 'Goncha', 0, 0),
(61, 'Amhara Region', 'East Gojjam Zone', 'Goncha Siso Enese', 0, 0),
(62, 'Amhara Region', 'East Gojjam Zone', 'Guzamn', 0, 0),
(63, 'Amhara Region', 'East Gojjam Zone', 'Hulet Ej Enese', 0, 0),
(64, 'Amhara Region', 'East Gojjam Zone', 'Machakel', 0, 0),
(65, 'Amhara Region', 'East Gojjam Zone', 'Shebel Berenta', 0, 0),
(66, 'Amhara Region', 'East Gojjam Zone', 'Sinan', 0, 0),
(67, 'Amhara Region', 'North Gondar Zone', 'Addi Arkay', 0, 0),
(68, 'Amhara Region', 'North Gondar Zone', 'Alefa', 0, 0),
(69, 'Amhara Region', 'North Gondar Zone', 'Beyeda', 0, 0),
(70, 'Amhara Region', 'North Gondar Zone', 'Chilga', 0, 0),
(71, 'Amhara Region', 'North Gondar Zone', 'Dabat', 0, 0),
(72, 'Amhara Region', 'North Gondar Zone', 'Debarq', 0, 0),
(73, 'Amhara Region', 'North Gondar Zone', 'Dembiya', 0, 0),
(74, 'Amhara Region', 'North Gondar Zone', 'Gondar (town)', 12.6, 37.466667),
(75, 'Amhara Region', 'North Gondar Zone', 'Gondar Zuria', 0, 0),
(76, 'Amhara Region', 'North Gondar Zone', 'Jan Amora', 0, 0),
(77, 'Amhara Region', 'North Gondar Zone', 'Lay Armachiho', 0, 0),
(78, 'Amhara Region', 'North Gondar Zone', 'Metemma', 0, 0),
(79, 'Amhara Region', 'North Gondar Zone', 'Mirab Armachiho', 0, 0),
(80, 'Amhara Region', 'North Gondar Zone', 'Mirab Belessa', 0, 0),
(81, 'Amhara Region', 'North Gondar Zone', 'Misraq Belessa', 0, 0),
(82, 'Amhara Region', 'North Gondar Zone', 'Qwara', 0, 0),
(83, 'Amhara Region', 'North Gondar Zone', 'Tach Armachiho', 0, 0),
(84, 'Amhara Region', 'North Gondar Zone', 'Takusa', 0, 0),
(85, 'Amhara Region', 'North Gondar Zone', 'Tegeda', 0, 0),
(86, 'Amhara Region', 'North Gondar Zone', 'Tselemt', 0, 0),
(87, 'Amhara Region', 'North Gondar Zone', 'Wegera', 0, 0),
(88, 'Amhara Region', 'North Shewa Zone', 'Angolalla Tera', 0, 0),
(89, 'Amhara Region', 'North Shewa Zone', 'Ankober', 0, 0),
(90, 'Amhara Region', 'North Shewa Zone', 'Antsokiyana Gemza', 0, 0),
(91, 'Amhara Region', 'North Shewa Zone', 'Asagirt', 0, 0),
(92, 'Amhara Region', 'North Shewa Zone', 'Basona Werana', 0, 0),
(93, 'Amhara Region', 'North Shewa Zone', 'Berehet', 0, 0),
(94, 'Amhara Region', 'North Shewa Zone', 'Debre Berhan (town)', 9.679544, 39.532623),
(95, 'Amhara Region', 'North Shewa Zone', 'Efratana Gidim', 0, 0),
(96, 'Amhara Region', 'North Shewa Zone', 'Ensaro', 0, 0),
(97, 'Amhara Region', 'North Shewa Zone', 'Geshe', 0, 0),
(98, 'Amhara Region', 'North Shewa Zone', 'Hagere Mariamna Kesem', 0, 0),
(99, 'Amhara Region', 'North Shewa Zone', 'Kewet', 0, 0),
(100, 'Amhara Region', 'North Shewa Zone', 'Menjarna Shenkora', 0, 0),
(101, 'Amhara Region', 'North Shewa Zone', 'Menz Gera Midir', 0, 0),
(102, 'Amhara Region', 'North Shewa Zone', 'Menz Keya Gebreal', 0, 0),
(103, 'Amhara Region', 'North Shewa Zone', 'Menz Lalo Midir', 0, 0),
(104, 'Amhara Region', 'North Shewa Zone', 'Menz Mam Midir', 0, 0),
(105, 'Amhara Region', 'North Shewa Zone', 'Merhabiete', 0, 0),
(106, 'Amhara Region', 'North Shewa Zone', 'Mida Woremo', 0, 0),
(107, 'Amhara Region', 'North Shewa Zone', 'Mojana Wadera', 0, 0),
(108, 'Amhara Region', 'North Shewa Zone', 'Moretna Jiru', 0, 0),
(109, 'Amhara Region', 'North Shewa Zone', 'Siyadebrina Wayu', 0, 0),
(110, 'Amhara Region', 'North Shewa Zone', 'Termaber', 0, 0),
(111, 'Amhara Region', 'North Wollo Zone', 'Bugna', 0, 0),
(112, 'Amhara Region', 'North Wollo Zone', 'Dawunt', 0, 0),
(113, 'Amhara Region', 'North Wollo Zone', 'Delanta', 0, 0),
(114, 'Amhara Region', 'North Wollo Zone', 'Gidan', 0, 0),
(115, 'Amhara Region', 'North Wollo Zone', 'Guba Lafto', 0, 0),
(116, 'Amhara Region', 'North Wollo Zone', 'Habru', 0, 0),
(117, 'Amhara Region', 'North Wollo Zone', 'Kobo', 0, 0),
(118, 'Amhara Region', 'North Wollo Zone', 'Lasta', 0, 0),
(119, 'Amhara Region', 'North Wollo Zone', 'Meket', 0, 0),
(120, 'Amhara Region', 'North Wollo Zone', 'Wadla', 0, 0),
(121, 'Amhara Region', 'North Wollo Zone', 'Weldiya (town)', 0, 0),
(122, 'Amhara Region', 'Oromia Zone', 'Artuma Fursi', 0, 0),
(123, 'Amhara Region', 'Oromia Zone', 'Bati', 11.191521, 40.016747),
(124, 'Amhara Region', 'Oromia Zone', 'Dawa Chefe', 0, 0),
(125, 'Amhara Region', 'Oromia Zone', 'Dawa Harewa', 0, 0),
(126, 'Amhara Region', 'Oromia Zone', 'Jile Timuga', 0, 0),
(127, 'Amhara Region', 'Oromia Zone', 'Kemise (town)', 0, 0),
(128, 'Amhara Region', 'South Gondar Zone', 'Debre Tabor (town)', 0, 0),
(129, 'Amhara Region', 'South Gondar Zone', 'Dera', 0, 0),
(130, 'Amhara Region', 'South Gondar Zone', 'Ebenat', 0, 0),
(131, 'Amhara Region', 'South Gondar Zone', 'Farta', 0, 0),
(132, 'Amhara Region', 'South Gondar Zone', 'Fogera', 0, 0),
(133, 'Amhara Region', 'South Gondar Zone', 'Kemekem', 0, 0),
(134, 'Amhara Region', 'South Gondar Zone', 'Lay Gayint', 0, 0),
(135, 'Amhara Region', 'South Gondar Zone', 'Mirab Este', 0, 0),
(136, 'Amhara Region', 'South Gondar Zone', 'Misraq Este', 0, 0),
(137, 'Amhara Region', 'South Gondar Zone', 'Simada', 0, 0),
(138, 'Amhara Region', 'South Gondar Zone', 'Tach Gayint', 0, 0),
(139, 'Amhara Region', 'South Wollo Zone', 'Abuko', 0, 0),
(140, 'Amhara Region', 'South Wollo Zone', 'Amba Sel', 0, 0),
(141, 'Amhara Region', 'South Wollo Zone', 'Debre Sina', 0, 0),
(142, 'Amhara Region', 'South Wollo Zone', 'Dessie (town)', 11.133333, 39.633333),
(143, 'Amhara Region', 'South Wollo Zone', 'Dessie Zuria', 0, 0),
(144, 'Amhara Region', 'South Wollo Zone', 'Jama', 0, 0),
(145, 'Amhara Region', 'South Wollo Zone', 'Kalu (woreda)', 0, 0),
(146, 'Amhara Region', 'South Wollo Zone', 'Kelala', 0, 0),
(147, 'Amhara Region', 'South Wollo Zone', 'Kombolcha (town)', 0, 0),
(148, 'Amhara Region', 'South Wollo Zone', 'Kutaber', 0, 0),
(149, 'Amhara Region', 'South Wollo Zone', 'Legahida', 0, 0),
(150, 'Amhara Region', 'South Wollo Zone', 'Legambo', 0, 0),
(151, 'Amhara Region', 'South Wollo Zone', 'Magdala', 0, 0),
(152, 'Amhara Region', 'South Wollo Zone', 'Mehal Sayint', 0, 0),
(153, 'Amhara Region', 'South Wollo Zone', 'Sayint', 0, 0),
(154, 'Amhara Region', 'South Wollo Zone', 'Tehuledere', 0, 0),
(155, 'Amhara Region', 'South Wollo Zone', 'Tenta', 0, 0),
(156, 'Amhara Region', 'South Wollo Zone', 'Wegde', 0, 0),
(157, 'Amhara Region', 'South Wollo Zone', 'Were Babu', 0, 0),
(158, 'Amhara Region', 'South Wollo Zone', 'Were Ilu', 0, 0),
(159, 'Amhara Region', 'Wag Hemra Zone', 'Aberegelle', 0, 0),
(160, 'Amhara Region', 'Wag Hemra Zone', 'Dehana', 0, 0),
(161, 'Amhara Region', 'Wag Hemra Zone', 'Gazbibla', 0, 0),
(162, 'Amhara Region', 'Wag Hemra Zone', 'Sehala', 0, 0),
(163, 'Amhara Region', 'Wag Hemra Zone', 'Soqota (town)', 0, 0),
(164, 'Amhara Region', 'Wag Hemra Zone', 'Soqota Zuria', 0, 0),
(165, 'Amhara Region', 'Wag Hemra Zone', 'Zikuala', 0, 0),
(166, 'Amhara Region', 'West Gojjam Zone', 'Bahir Dar Zuria', 0, 0),
(167, 'Amhara Region', 'West Gojjam Zone', 'Bure', 0, 0),
(168, 'Amhara Region', 'West Gojjam Zone', 'Debub Achefer', 0, 0),
(169, 'Amhara Region', 'West Gojjam Zone', 'Dega Damot', 0, 0),
(170, 'Amhara Region', 'West Gojjam Zone', 'Dembecha', 0, 0),
(171, 'Amhara Region', 'West Gojjam Zone', 'Finote Selam (town)', 0, 0),
(172, 'Amhara Region', 'West Gojjam Zone', 'Jabi Tehnan', 0, 0),
(173, 'Amhara Region', 'West Gojjam Zone', 'Kuarit', 0, 0),
(174, 'Amhara Region', 'West Gojjam Zone', 'Mecha (formerly known as Merawi)', 0, 0),
(175, 'Amhara Region', 'West Gojjam Zone', 'Sekela', 0, 0),
(176, 'Amhara Region', 'West Gojjam Zone', 'Semien Achefer', 0, 0),
(177, 'Amhara Region', 'West Gojjam Zone', 'Wemberma', 0, 0),
(178, 'Amhara Region', 'West Gojjam Zone', 'Yilmana Densa (formerly known as Adet)', 0, 0),
(179, 'Amhara Region', 'Bahir Dar Special Zone', 'Bahir Dar (town)', 11.6, 37.383333),
(180, 'Benishangul-Gumuz Region', '--', 'Mao-Komo Special Woreda', 0, 0),
(181, 'Benishangul-Gumuz Region', '--', 'Pawe Special Woreda', 0, 0),
(182, 'Benishangul-Gumuz Region', 'Asosa Zone', 'Asosa', 10.066667, 34.533333),
(183, 'Benishangul-Gumuz Region', 'Asosa Zone', 'Bambasi', 0, 0),
(184, 'Benishangul-Gumuz Region', 'Asosa Zone', 'Komesha', 0, 0),
(185, 'Benishangul-Gumuz Region', 'Asosa Zone', 'Kormuk', 0, 0),
(186, 'Benishangul-Gumuz Region', 'Asosa Zone', 'Menge', 0, 0),
(187, 'Benishangul-Gumuz Region', 'Asosa Zone', 'Oda Godere', 0, 0),
(188, 'Benishangul-Gumuz Region', 'Asosa Zone', 'Sherkole', 0, 0),
(189, 'Benishangul-Gumuz Region', 'Kamashi Zone', 'Agalo Mite', 0, 0),
(190, 'Benishangul-Gumuz Region', 'Kamashi Zone', 'Belo Jegonfoy', 0, 0),
(191, 'Benishangul-Gumuz Region', 'Kamashi Zone', 'Kamashi', 0, 0),
(192, 'Benishangul-Gumuz Region', 'Kamashi Zone', 'Sirba Abbay', 0, 0),
(193, 'Benishangul-Gumuz Region', 'Kamashi Zone', 'Yaso', 0, 0),
(194, 'Benishangul-Gumuz Region', 'Metekel Zone', 'Bulen', 0, 0),
(195, 'Benishangul-Gumuz Region', 'Metekel Zone', 'Dangur', 0, 0),
(196, 'Benishangul-Gumuz Region', 'Metekel Zone', 'Dibate', 0, 0),
(197, 'Benishangul-Gumuz Region', 'Metekel Zone', 'Guba', 0, 0),
(198, 'Benishangul-Gumuz Region', 'Metekel Zone', 'Mandura', 0, 0),
(199, 'Benishangul-Gumuz Region', 'Metekel Zone', 'Wenbera', 0, 0),
(200, 'Gambela Region', '--', 'Itang Special Woreda', 0, 0),
(201, 'Gambela Region', 'Anuak Zone', 'Abobo', 0, 0),
(202, 'Gambela Region', 'Anuak Zone', 'Dimma', 0, 0),
(203, 'Gambela Region', 'Anuak Zone', 'Gambela (town)', 9.083333, 36.55),
(204, 'Gambela Region', 'Anuak Zone', 'Gambela Zuria', 0, 0),
(205, 'Gambela Region', 'Anuak Zone', 'Gog', 0, 0),
(206, 'Gambela Region', 'Anuak Zone', 'Jor', 0, 0),
(207, 'Gambela Region', 'Nuer Zone', 'Akobo', 0, 0),
(208, 'Gambela Region', 'Nuer Zone', 'Jikawo', 0, 0),
(209, 'Gambela Region', 'Nuer Zone', 'Lare', 0, 0),
(210, 'Gambela Region', 'Nuer Zone', 'Wentawo', 0, 0),
(211, 'Gambela Region', 'Mezhenger Zone', 'Godere', 0, 0),
(212, 'Gambela Region', 'Mezhenger Zone', 'Mengesh', 0, 0),
(213, 'Oromia Region', '--', 'Ada\'a Chukala', 0, 0),
(214, 'Oromia Region', '--', 'Adolana Wadera', 0, 0),
(215, 'Oromia Region', '--', 'Amuru Jarte', 0, 0),
(216, 'Oromia Region', '--', 'Ayra Guliso', 0, 0),
(217, 'Oromia Region', '--', 'Bekoji (woreda)', 0, 0),
(218, 'Oromia Region', '--', 'Berehna Aleltu', 0, 0),
(219, 'Oromia Region', '--', 'Bila Seyo', 0, 0),
(220, 'Oromia Region', '--', 'Boji', 0, 0),
(221, 'Oromia Region', '--', 'Chiro (woreda)', 0, 0),
(222, 'Oromia Region', '--', 'Dale Lalo', 0, 0),
(223, 'Oromia Region', '--', 'Dodotana Sire', 0, 0),
(224, 'Oromia Region', '--', 'Dugda Bora', 0, 0),
(225, 'Oromia Region', '--', 'Gaserana Gololcha', 0, 0),
(226, 'Oromia Region', '--', 'Gawo Dale', 0, 0),
(227, 'Oromia Region', '--', 'Gola Odana Meyumuluke', 0, 0),
(228, 'Oromia Region', '--', 'Hagere Mariam', 0, 0),
(229, 'Oromia Region', '--', 'Hawa Welele', 0, 0),
(230, 'Oromia Region', '--', 'Jimma Gidami', 0, 0),
(231, 'Oromia Region', '--', 'Jimma Horo <East Welega>', 0, 0),
(232, 'Oromia Region', '--', 'Mennana Harena Buluk', 0, 0),
(233, 'Oromia Region', '--', 'Mulona Sululta', 0, 0),
(234, 'Oromia Region', '--', 'Sinanana Dinsho', 0, 0),
(235, 'Oromia Region', '--', 'Walisona Goro', 0, 0),
(236, 'Oromia Region', '--', 'Wama Bonaya', 0, 0),
(237, 'Oromia Region', '--', 'Wuchalena Jido', 0, 0),
(238, 'Oromia Region', '--', 'Yaya Gulelena Debre Liban', 0, 0),
(239, 'Oromia Region', 'Arsi Zone', 'Amigna', 0, 0),
(240, 'Oromia Region', 'Arsi Zone', 'Aseko (woreda)', 0, 0),
(241, 'Oromia Region', 'Arsi Zone', 'Asella', 7.95, 39.133333),
(242, 'Oromia Region', 'Arsi Zone', 'Bale Gasegar', 0, 0),
(243, 'Oromia Region', 'Arsi Zone', 'Chole (woreda)', 0, 0),
(244, 'Oromia Region', 'Arsi Zone', 'Digeluna Tijo', 0, 0),
(245, 'Oromia Region', 'Arsi Zone', 'Diksis', 0, 0),
(246, 'Oromia Region', 'Arsi Zone', 'Dodota', 0, 0),
(247, 'Oromia Region', 'Arsi Zone', 'Enkelo Wabe', 0, 0),
(248, 'Oromia Region', 'Arsi Zone', 'Gololcha', 0, 0),
(249, 'Oromia Region', 'Arsi Zone', 'Guna (woreda)', 0, 0),
(250, 'Oromia Region', 'Arsi Zone', 'Hitosa', 0, 0),
(251, 'Oromia Region', 'Arsi Zone', 'Jeju (woreda)', 0, 0),
(252, 'Oromia Region', 'Arsi Zone', 'Limuna Bilbilo', 0, 0),
(253, 'Oromia Region', 'Arsi Zone', 'Lude Hitosa', 0, 0),
(254, 'Oromia Region', 'Arsi Zone', 'Merti', 0, 0),
(255, 'Oromia Region', 'Arsi Zone', 'Munesa', 0, 0),
(256, 'Oromia Region', 'Arsi Zone', 'Robe (woreda)', 0, 0),
(257, 'Oromia Region', 'Arsi Zone', 'Seru (woreda)', 0, 0),
(258, 'Oromia Region', 'Arsi Zone', 'Sire', 0, 0),
(259, 'Oromia Region', 'Arsi Zone', 'Sherka', 0, 0),
(260, 'Oromia Region', 'Arsi Zone', 'Sude', 0, 0),
(261, 'Oromia Region', 'Arsi Zone', 'Tena (woreda)', 0, 0),
(262, 'Oromia Region', 'Arsi Zone', 'Tiyo (woreda)', 0, 0),
(263, 'Oromia Region', 'Arsi Zone', 'Ziway Dugda', 0, 0),
(264, 'Oromia Region', 'Bale Zone', 'Agarfa (woreda)', 0, 0),
(265, 'Oromia Region', 'Bale Zone', 'Berbere (woreda)', 0, 0),
(266, 'Oromia Region', 'Bale Zone', 'Dawe Kachen', 0, 0),
(267, 'Oromia Region', 'Bale Zone', 'Dawe Serara', 0, 0),
(268, 'Oromia Region', 'Bale Zone', 'Delo Menna', 0, 0),
(269, 'Oromia Region', 'Bale Zone', 'Dinsho (woreda)', 0, 0),
(270, 'Oromia Region', 'Bale Zone', 'Gasera', 0, 0),
(271, 'Oromia Region', 'Bale Zone', 'Ginir (woreda)', 0, 0),
(272, 'Oromia Region', 'Bale Zone', 'Goba (woreda)', 0, 0),
(273, 'Oromia Region', 'Bale Zone', 'Goba (town)', 6.9, 37.75),
(274, 'Oromia Region', 'Bale Zone', 'Gololcha', 0, 0),
(275, 'Oromia Region', 'Bale Zone', 'Goro', 0, 0),
(276, 'Oromia Region', 'Bale Zone', 'Guradamole', 0, 0),
(277, 'Oromia Region', 'Bale Zone', 'Harena Buluk', 0, 0),
(278, 'Oromia Region', 'Bale Zone', 'Legehida', 0, 0),
(279, 'Oromia Region', 'Bale Zone', 'Meda Welabu', 0, 0),
(280, 'Oromia Region', 'Bale Zone', 'Raytu', 0, 0),
(281, 'Oromia Region', 'Bale Zone', 'Robe (town)', 0, 0),
(282, 'Oromia Region', 'Bale Zone', 'Seweyna', 0, 0),
(283, 'Oromia Region', 'Bale Zone', 'Sinana', 0, 0),
(284, 'Oromia Region', 'Borena Zone', 'Abaya', 0, 0),
(285, 'Oromia Region', 'Borena Zone', 'Arero', 0, 0),
(286, 'Oromia Region', 'Borena Zone', 'Bule Hora', 0, 0),
(287, 'Oromia Region', 'Borena Zone', 'Dire (woreda)', 0, 0),
(288, 'Oromia Region', 'Borena Zone', 'Dugda Dawa', 0, 0),
(289, 'Oromia Region', 'Borena Zone', 'Gelana', 0, 0),
(290, 'Oromia Region', 'Borena Zone', 'Miyu (woreda)', 0, 0),
(291, 'Oromia Region', 'Borena Zone', 'Moyale', 0, 0),
(292, 'Oromia Region', 'Borena Zone', 'Teltele (woreda)', 0, 0),
(293, 'Oromia Region', 'Borena Zone', 'Yabelo (woreda)', 0, 0),
(294, 'Oromia Region', 'East Hararghe Zone', 'Babille', 0, 0),
(295, 'Oromia Region', 'East Hararghe Zone', 'Bedeno (woreda)', 0, 0),
(296, 'Oromia Region', 'East Hararghe Zone', 'Chinaksen (woreda)', 0, 0),
(297, 'Oromia Region', 'East Hararghe Zone', 'Deder (woreda)', 0, 0),
(298, 'Oromia Region', 'East Hararghe Zone', 'Fedis', 0, 0),
(299, 'Oromia Region', 'East Hararghe Zone', 'Girawa (woreda)', 0, 0),
(300, 'Oromia Region', 'East Hararghe Zone', 'Gola Oda', 0, 0),
(301, 'Oromia Region', 'East Hararghe Zone', 'Goro Gutu', 0, 0),
(302, 'Oromia Region', 'East Hararghe Zone', 'Gursum', 0, 0),
(303, 'Oromia Region', 'East Hararghe Zone', 'Haro Maya (woreda)', 6.416667, 38.316667),
(304, 'Oromia Region', 'East Hararghe Zone', 'Jarso (Hararge)', 0, 0),
(305, 'Oromia Region', 'East Hararghe Zone', 'Kersa', 0, 0),
(306, 'Oromia Region', 'East Hararghe Zone', 'Kombolcha (woreda)', 0, 0),
(307, 'Oromia Region', 'East Hararghe Zone', 'Kurfa Chele (woreda)', 0, 0),
(308, 'Oromia Region', 'East Hararghe Zone', 'Malka Balo', 0, 0),
(309, 'Oromia Region', 'East Hararghe Zone', 'Meta (woreda)', 0, 0),
(310, 'Oromia Region', 'East Hararghe Zone', 'Meyumuluke', 0, 0),
(311, 'Oromia Region', 'East Hararghe Zone', 'Midega Tola', 0, 0),
(312, 'Oromia Region', 'East Shewa Zone', 'Ada\'a', 0, 0),
(313, 'Oromia Region', 'East Shewa Zone', 'Adama Zuria', 0, 0),
(314, 'Oromia Region', 'East Shewa Zone', 'Adami Tullu and Jido Kombolcha', 0, 0),
(315, 'Oromia Region', 'East Shewa Zone', 'Bishoftu (town)', 0, 0),
(316, 'Oromia Region', 'East Shewa Zone', 'Bora (woreda)', 0, 0),
(317, 'Oromia Region', 'East Shewa Zone', 'Dugda (woreda)', 0, 0),
(318, 'Oromia Region', 'East Shewa Zone', 'Boset', 0, 0),
(319, 'Oromia Region', 'East Shewa Zone', 'Fentale', 0, 0),
(320, 'Oromia Region', 'East Shewa Zone', 'Gimbichu', 0, 0),
(321, 'Oromia Region', 'East Shewa Zone', 'Liben', 0, 0),
(322, 'Oromia Region', 'East Shewa Zone', 'Lome (woreda)', 0, 0),
(323, 'Oromia Region', 'East Shewa Zone', 'Ziway (town)', 0, 0),
(324, 'Oromia Region', 'East Welega Zone', 'Bonaya Boshe', 0, 0),
(325, 'Oromia Region', 'East Welega Zone', 'Diga', 0, 0),
(326, 'Oromia Region', 'East Welega Zone', 'Gida Kiremu', 0, 0),
(327, 'Oromia Region', 'East Welega Zone', 'Gobu Seyo', 0, 0),
(328, 'Oromia Region', 'East Welega Zone', 'Gudeya Bila', 0, 0),
(329, 'Oromia Region', 'East Welega Zone', 'Guto Gida', 0, 0),
(330, 'Oromia Region', 'East Welega Zone', 'Haro Limmu', 0, 0),
(331, 'Oromia Region', 'East Welega Zone', 'Leka Dulecha', 0, 0),
(332, 'Oromia Region', 'East Welega Zone', 'Ibantu', 0, 0),
(333, 'Oromia Region', 'East Welega Zone', 'Jimma Arjo', 0, 0),
(334, 'Oromia Region', 'East Welega Zone', 'Limmu (woreda)', 0, 0),
(335, 'Oromia Region', 'East Welega Zone', 'Nekemte (town)', 4.183333, 42.083333),
(336, 'Oromia Region', 'East Welega Zone', 'Nunu Kumba', 0, 0),
(337, 'Oromia Region', 'East Welega Zone', 'Sasiga', 0, 0),
(338, 'Oromia Region', 'East Welega Zone', 'Sibu Sire', 0, 0),
(339, 'Oromia Region', 'East Welega Zone', 'Wama Hagalo', 0, 0),
(340, 'Oromia Region', 'East Welega Zone', 'Wayu Tuka', 0, 0),
(341, 'Oromia Region', 'Guji Zone', 'Adola', 0, 0),
(342, 'Oromia Region', 'Guji Zone', 'Ana Sora', 0, 0),
(343, 'Oromia Region', 'Guji Zone', 'Bore (woreda)', 0, 0),
(344, 'Oromia Region', 'Guji Zone', 'Dima (woreda)', 0, 0),
(345, 'Oromia Region', 'Guji Zone', 'Girja', 0, 0),
(346, 'Oromia Region', 'Guji Zone', 'Hambela Wamena', 0, 0),
(347, 'Oromia Region', 'Guji Zone', 'Harenfema', 0, 0),
(348, 'Oromia Region', 'Guji Zone', 'Kebri Mangest (town)', 0, 0),
(349, 'Oromia Region', 'Guji Zone', 'Kercha', 0, 0),
(350, 'Oromia Region', 'Guji Zone', 'Liben', 0, 0),
(351, 'Oromia Region', 'Guji Zone', 'Negele Borana (town)', 11.191521, 40.016747),
(352, 'Oromia Region', 'Guji Zone', 'Odo Shakiso', 0, 0),
(353, 'Oromia Region', 'Guji Zone', 'Uraga (woreda)', 0, 0),
(354, 'Oromia Region', 'Guji Zone', 'Wadera (woreda)', 0, 0),
(355, 'Oromia Region', 'Horo Gudru Welega Zone', 'Abay Chomen', 0, 0),
(356, 'Oromia Region', 'Horo Gudru Welega Zone', 'Abe Dongoro', 0, 0),
(357, 'Oromia Region', 'Horo Gudru Welega Zone', 'Amuru (woreda)', 0, 0),
(358, 'Oromia Region', 'Horo Gudru Welega Zone', 'Guduru (woreda)', 0, 0),
(359, 'Oromia Region', 'Horo Gudru Welega Zone', 'Hababo Guduru', 0, 0),
(360, 'Oromia Region', 'Horo Gudru Welega Zone', 'Horo (woreda)', 0, 0),
(361, 'Oromia Region', 'Horo Gudru Welega Zone', 'Jardega Jarte', 0, 0),
(362, 'Oromia Region', 'Horo Gudru Welega Zone', 'Jimma Genete', 0, 0),
(363, 'Oromia Region', 'Horo Gudru Welega Zone', 'Jimma Rare', 0, 0),
(364, 'Oromia Region', 'Horo Gudru Welega Zone', 'Shambu (town)', 0, 0),
(365, 'Oromia Region', 'Illubabor Zone', 'Ale (woreda)', 0, 0),
(366, 'Oromia Region', 'Illubabor Zone', 'Alge Sache', 0, 0),
(367, 'Oromia Region', 'Illubabor Zone', 'Bedele (town)', 0, 0),
(368, 'Oromia Region', 'Illubabor Zone', 'Bedele Zuria', 0, 0),
(369, 'Oromia Region', 'Illubabor Zone', 'Bicho (woreda)', 0, 0),
(370, 'Oromia Region', 'Illubabor Zone', 'Bilo Nopha', 0, 0),
(371, 'Oromia Region', 'Illubabor Zone', 'Borecha', 0, 0),
(372, 'Oromia Region', 'Illubabor Zone', 'Bure', 0, 0),
(373, 'Oromia Region', 'Illubabor Zone', 'Chewaka', 0, 0),
(374, 'Oromia Region', 'Illubabor Zone', 'Chora (woreda)', 0, 0),
(375, 'Oromia Region', 'Illubabor Zone', 'Dabo Hana', 0, 0),
(376, 'Oromia Region', 'Illubabor Zone', 'Darimu', 0, 0),
(377, 'Oromia Region', 'Illubabor Zone', 'Dega (woreda)', 0, 0),
(378, 'Oromia Region', 'Illubabor Zone', 'Didessa (woreda)', 0, 0),
(379, 'Oromia Region', 'Illubabor Zone', 'Didu (woreda)', 0, 0),
(380, 'Oromia Region', 'Illubabor Zone', 'Doreni', 0, 0),
(381, 'Oromia Region', 'Illubabor Zone', 'Gechi (woreda)', 0, 0),
(382, 'Oromia Region', 'Illubabor Zone', 'Hurumu', 0, 0),
(383, 'Oromia Region', 'Illubabor Zone', 'Mako (woreda)', 0, 0),
(384, 'Oromia Region', 'Illubabor Zone', 'Metu Zuria', 0, 0),
(385, 'Oromia Region', 'Illubabor Zone', 'Metu (town)', 0, 0),
(386, 'Oromia Region', 'Illubabor Zone', 'Nono Sele', 0, 0),
(387, 'Oromia Region', 'Illubabor Zone', 'Supena Sodo', 0, 0),
(388, 'Oromia Region', 'Illubabor Zone', 'Yayu (woreda)', 0, 0),
(389, 'Oromia Region', 'Jimma Zone', 'Agaro (town)', 0, 0),
(390, 'Oromia Region', 'Jimma Zone', 'Chora Botor', 0, 0),
(391, 'Oromia Region', 'Jimma Zone', 'Dedo', 0, 0),
(392, 'Oromia Region', 'Jimma Zone', 'Gera (woreda)', 0, 0),
(393, 'Oromia Region', 'Jimma Zone', 'Gomma (woreda)', 0, 0),
(394, 'Oromia Region', 'Jimma Zone', 'Gumay (woreda)', 0, 0),
(395, 'Oromia Region', 'Jimma Zone', 'Kersa', 0, 0),
(396, 'Oromia Region', 'Jimma Zone', 'Limmu Kosa', 0, 0),
(397, 'Oromia Region', 'Jimma Zone', 'Limmu Sakka', 0, 0),
(398, 'Oromia Region', 'Jimma Zone', 'Mana (woreda)', 0, 0),
(399, 'Oromia Region', 'Jimma Zone', 'Omo Nada', 0, 0),
(400, 'Oromia Region', 'Jimma Zone', 'Seka Chekorsa (woreda)', 0, 0),
(401, 'Oromia Region', 'Jimma Zone', 'Setema', 0, 0),
(402, 'Oromia Region', 'Jimma Zone', 'Shebe Senbo', 0, 0),
(403, 'Oromia Region', 'Jimma Zone', 'Sigmo (woreda)', 0, 0),
(404, 'Oromia Region', 'Jimma Zone', 'Sokoru (woreda)', 0, 0),
(405, 'Oromia Region', 'Jimma Zone', 'Tiro Afeta', 0, 0),
(406, 'Oromia Region', 'Kelem Welega Zone', 'Anfillo (woreda)', 0, 0),
(407, 'Oromia Region', 'Kelem Welega Zone', 'Dale Sedi', 0, 0),
(408, 'Oromia Region', 'Kelem Welega Zone', 'Dale Wabera', 0, 0),
(409, 'Oromia Region', 'Kelem Welega Zone', 'Dembidolo (town)', 8.533333, 34.8),
(410, 'Oromia Region', 'Kelem Welega Zone', 'Gawo Kebe', 0, 0),
(411, 'Oromia Region', 'Kelem Welega Zone', 'Gidami (woreda)', 0, 0),
(412, 'Oromia Region', 'Kelem Welega Zone', 'Hawa Gelan', 0, 0),
(413, 'Oromia Region', 'Kelem Welega Zone', 'Jimma Horo <Kelem Welega>', 0, 0),
(414, 'Oromia Region', 'Kelem Welega Zone', 'Lalo Kile', 0, 0),
(415, 'Oromia Region', 'Kelem Welega Zone', 'Sayo', 0, 0),
(416, 'Oromia Region', 'Kelem Welega Zone', 'Yemalogi Welele', 0, 0),
(417, 'Oromia Region', 'North Shewa Zone', 'Abichuna Gne\'a', 0, 0),
(418, 'Oromia Region', 'North Shewa Zone', 'Aleltu', 0, 0),
(419, 'Oromia Region', 'North Shewa Zone', 'Debre Libanos (woreda)', 0, 0),
(420, 'Oromia Region', 'North Shewa Zone', 'Degem', 0, 0),
(421, 'Oromia Region', 'North Shewa Zone', 'Dera', 0, 0),
(422, 'Oromia Region', 'North Shewa Zone', 'Fiche (town)', 0, 0),
(423, 'Oromia Region', 'North Shewa Zone', 'Gerar Jarso', 0, 0),
(424, 'Oromia Region', 'North Shewa Zone', 'Hidabu Abote', 0, 0),
(425, 'Oromia Region', 'North Shewa Zone', 'Jido', 0, 0),
(426, 'Oromia Region', 'North Shewa Zone', 'Kembibit', 0, 0),
(427, 'Oromia Region', 'North Shewa Zone', 'Kuyu', 0, 0),
(428, 'Oromia Region', 'North Shewa Zone', 'Sendafa (town)', 0, 0),
(429, 'Oromia Region', 'North Shewa Zone', 'Wara Jarso', 0, 0),
(430, 'Oromia Region', 'North Shewa Zone', 'Wuchale', 0, 0),
(431, 'Oromia Region', 'North Shewa Zone', 'Yaya Gulele', 0, 0),
(432, 'Oromia Region', 'South West Shewa Zone', 'Amaya (woreda)', 0, 0),
(433, 'Oromia Region', 'South West Shewa Zone', 'Becho', 0, 0),
(434, 'Oromia Region', 'South West Shewa Zone', 'Dawo', 0, 0),
(435, 'Oromia Region', 'South West Shewa Zone', 'Elu (woreda)', 0, 0),
(436, 'Oromia Region', 'South West Shewa Zone', 'Goro', 0, 0),
(437, 'Oromia Region', 'South West Shewa Zone', 'Kersana Malima', 0, 0),
(438, 'Oromia Region', 'South West Shewa Zone', 'Seden Sodo (formerly known as Kokir)', 0, 0),
(439, 'Oromia Region', 'South West Shewa Zone', 'Sodo Dacha', 0, 0),
(440, 'Oromia Region', 'South West Shewa Zone', 'Tole', 0, 0),
(441, 'Oromia Region', 'South West Shewa Zone', 'Waliso (woreda)', 0, 0),
(442, 'Oromia Region', 'South West Shewa Zone', 'Waliso (town)', 0, 0),
(443, 'Oromia Region', 'South West Shewa Zone', 'Wonchi', 0, 0),
(444, 'Oromia Region', 'West Arsi Zone', 'Adaba (woreda)', 0, 0),
(445, 'Oromia Region', 'West Arsi Zone', 'Arsi Negele (woreda)', 0, 0),
(446, 'Oromia Region', 'West Arsi Zone', 'Dodola (woreda)', 0, 0),
(447, 'Oromia Region', 'West Arsi Zone', 'Gedeb Asasa', 0, 0),
(448, 'Oromia Region', 'West Arsi Zone', 'Kofele (woreda)', 0, 0),
(449, 'Oromia Region', 'West Arsi Zone', 'Kokosa (woreda)', 0, 0),
(450, 'Oromia Region', 'West Arsi Zone', 'Kore (woreda)', 0, 0),
(451, 'Oromia Region', 'West Arsi Zone', 'Nensebo (woreda)', 0, 0),
(452, 'Oromia Region', 'West Arsi Zone', 'Seraro', 0, 0),
(453, 'Oromia Region', 'West Arsi Zone', 'Shala (woreda)', 0, 0),
(454, 'Oromia Region', 'West Arsi Zone', 'Shashamene (town)', 8.15, 35.533333),
(455, 'Oromia Region', 'West Arsi Zone', 'Shashamene Zuria', 0, 0),
(456, 'Oromia Region', 'West Hararghe Zone', 'Anchar', 0, 0),
(457, 'Oromia Region', 'West Hararghe Zone', 'Badessa (town)', 0, 0),
(458, 'Oromia Region', 'West Hararghe Zone', 'Boke (woreda)', 0, 0),
(459, 'Oromia Region', 'West Hararghe Zone', 'Chiro (town)', 0, 0),
(460, 'Oromia Region', 'West Hararghe Zone', 'Chiro Zuria', 0, 0),
(461, 'Oromia Region', 'West Hararghe Zone', 'Gemechis', 0, 0),
(462, 'Oromia Region', 'West Hararghe Zone', 'Darolebu', 0, 0),
(463, 'Oromia Region', 'West Hararghe Zone', 'Doba (woreda)', 0, 0),
(464, 'Oromia Region', 'West Hararghe Zone', 'Guba Koricha', 0, 0),
(465, 'Oromia Region', 'West Hararghe Zone', 'Habro', 0, 0),
(466, 'Oromia Region', 'West Hararghe Zone', 'Kuni (woreda)', 0, 0),
(467, 'Oromia Region', 'West Hararghe Zone', 'Mesela (woreda)', 0, 0),
(468, 'Oromia Region', 'West Hararghe Zone', 'Mieso', 0, 0),
(469, 'Oromia Region', 'West Hararghe Zone', 'Tulo', 0, 0),
(470, 'Oromia Region', 'West Shewa Zone', 'Abuna Ginde Beret', 0, 0),
(471, 'Oromia Region', 'West Shewa Zone', 'Adda Berga', 0, 0),
(472, 'Oromia Region', 'West Shewa Zone', 'Ambo (town)', 0, 0),
(473, 'Oromia Region', 'West Shewa Zone', 'Ambo (woreda)', 0, 0),
(474, 'Oromia Region', 'West Shewa Zone', 'Bako Tibe', 0, 0),
(475, 'Oromia Region', 'West Shewa Zone', 'Cheliya', 0, 0),
(476, 'Oromia Region', 'West Shewa Zone', 'Dano (woreda)', 0, 0),
(477, 'Oromia Region', 'West Shewa Zone', 'Dendi (woreda)', 0, 0),
(478, 'Oromia Region', 'West Shewa Zone', 'Ejerie (sometimes known as Addis Alem)', 0, 0),
(479, 'Oromia Region', 'West Shewa Zone', 'Elfata', 0, 0),
(480, 'Oromia Region', 'West Shewa Zone', 'Ginde Beret', 0, 0),
(481, 'Oromia Region', 'West Shewa Zone', 'Jeldu', 0, 0),
(482, 'Oromia Region', 'West Shewa Zone', 'Jibat', 0, 0),
(483, 'Oromia Region', 'West Shewa Zone', 'Meta Robi', 0, 0),
(484, 'Oromia Region', 'West Shewa Zone', 'Midakegn', 0, 0),
(485, 'Oromia Region', 'West Shewa Zone', 'Nono (Shewa)', 0, 0),
(486, 'Oromia Region', 'West Shewa Zone', 'Tikur Enchini', 0, 0),
(487, 'Oromia Region', 'West Shewa Zone', 'Toke Kutaye', 0, 0),
(488, 'Oromia Region', 'West Welega Zone', 'Ayra (woreda)', 0, 0),
(489, 'Oromia Region', 'West Welega Zone', 'Babo Gambela', 0, 0),
(490, 'Oromia Region', 'West Welega Zone', 'Begi', 0, 0),
(491, 'Oromia Region', 'West Welega Zone', 'Boji Chokorsa', 0, 0),
(492, 'Oromia Region', 'West Welega Zone', 'Boji Dirmaji', 0, 0),
(493, 'Oromia Region', 'West Welega Zone', 'Genji (woreda)', 0, 0),
(494, 'Oromia Region', 'West Welega Zone', 'Gimbi (woreda)', 0, 0),
(495, 'Oromia Region', 'West Welega Zone', 'Gimbi (town)', 10.35, 37.733333),
(496, 'Oromia Region', 'West Welega Zone', 'Guliso', 0, 0),
(497, 'Oromia Region', 'West Welega Zone', 'Haru (woreda)', 0, 0),
(498, 'Oromia Region', 'West Welega Zone', 'Homa (woreda)', 0, 0),
(499, 'Oromia Region', 'West Welega Zone', 'Jarso (Welega)', 0, 0),
(500, 'Oromia Region', 'West Welega Zone', 'Kondala', 0, 0),
(501, 'Oromia Region', 'West Welega Zone', 'Kiltu Kara (woreda)', 0, 0),
(502, 'Oromia Region', 'West Welega Zone', 'Lalo Asabi', 0, 0),
(503, 'Oromia Region', 'West Welega Zone', 'Mana Sibu', 0, 0),
(504, 'Oromia Region', 'West Welega Zone', 'Nejo (woreda)', 0, 0),
(505, 'Oromia Region', 'West Welega Zone', 'Nole Kaba', 0, 0),
(506, 'Oromia Region', 'West Welega Zone', 'Sayo Nole', 0, 0),
(507, 'Oromia Region', 'West Welega Zone', 'Yubdo (woreda)', 0, 0),
(508, 'Oromia Region', 'Adama Special Zone', 'Adama', 8.55, 39.266667),
(509, 'Oromia Region', 'Jimma Special Zone', 'Jimma', 9.166667, 35.833333),
(510, 'Oromia Region', 'Oromia Special Zone Surrounding Finfinne', 'Akaki', 0, 0),
(511, 'Oromia Region', 'Oromia Special Zone Surrounding Finfinne', 'Bereh', 0, 0),
(512, 'Oromia Region', 'Oromia Special Zone Surrounding Finfinne', 'Burayu (town)', 0, 0),
(513, 'Oromia Region', 'Oromia Special Zone Surrounding Finfinne', 'Holeta Genet (town)', 0, 0),
(514, 'Oromia Region', 'Oromia Special Zone Surrounding Finfinne', 'Mulo (woreda)', 0, 0),
(515, 'Oromia Region', 'Oromia Special Zone Surrounding Finfinne', 'Sebeta Hawas (formerly known as Alem Gena)', 0, 0),
(516, 'Oromia Region', 'Oromia Special Zone Surrounding Finfinne', 'Sebeta (town)', 0, 0),
(517, 'Oromia Region', 'Oromia Special Zone Surrounding Finfinne', 'Sendafa (town)', 0, 0),
(518, 'Oromia Region', 'Oromia Special Zone Surrounding Finfinne', 'Walmara', 0, 0),
(519, 'Somali Region', 'Afder Zone', 'Afder (woreda)', 0, 0),
(520, 'Somali Region', 'Afder Zone', 'Bare (woreda)', 0, 0),
(521, 'Somali Region', 'Afder Zone', 'Cherti (woreda)', 0, 0),
(522, 'Somali Region', 'Afder Zone', 'Dolobay', 7.95, 39.133333),
(523, 'Somali Region', 'Afder Zone', 'Elekere', 0, 0),
(524, 'Somali Region', 'Afder Zone', 'Goro Bekeksa', 9.35, 42.8),
(525, 'Somali Region', 'Afder Zone', 'Guradamole', 0, 0),
(526, 'Somali Region', 'Afder Zone', 'Kersa Dula', 0, 0),
(527, 'Somali Region', 'Afder Zone', 'Mirab Imi', 0, 0),
(528, 'Somali Region', 'Degehabur Zone', 'Aware (woreda)', 0, 0),
(529, 'Somali Region', 'Degehabur Zone', 'Degehabur (woreda)', 0, 0),
(530, 'Somali Region', 'Degehabur Zone', 'Degehamedo (woreda)', 0, 0),
(531, 'Somali Region', 'Degehabur Zone', 'Gunagadow', 0, 0),
(532, 'Somali Region', 'Degehabur Zone', 'Misraq Gashamo', 0, 0),
(533, 'Somali Region', 'Fiq Zone', 'Dihun', 0, 0),
(534, 'Somali Region', 'Fiq Zone', 'Fiq (woreda)', 0, 0),
(535, 'Somali Region', 'Fiq Zone', 'Gerbo (woreda)', 0, 0),
(536, 'Somali Region', 'Fiq Zone', 'Hamero (woreda)', 0, 0),
(537, 'Somali Region', 'Fiq Zone', 'Lagahida', 0, 0),
(538, 'Somali Region', 'Fiq Zone', 'Mayumuluka', 0, 0),
(539, 'Somali Region', 'Fiq Zone', 'Salahad', 0, 0),
(540, 'Somali Region', 'Fiq Zone', 'Segeg (woreda)', 0, 0),
(541, 'Somali Region', 'Gode Zone', 'Adadle', 0, 0),
(542, 'Somali Region', 'Gode Zone', 'Danan (woreda)', 0, 0),
(543, 'Somali Region', 'Gode Zone', 'Ferfer (woreda)', 0, 0),
(544, 'Somali Region', 'Gode Zone', '[ Armali Fiqi Omar]]', 0, 0),
(545, 'Somali Region', 'Gode Zone', 'Gode (woreda)', 0, 0),
(546, 'Somali Region', 'Gode Zone', 'Imiberi', 0, 0),
(547, 'Somali Region', 'Gode Zone', 'Qorof', 0, 0),
(548, 'Somali Region', 'Gode Zone', 'Kelafo (woreda)', 0, 0),
(549, 'Somali Region', 'Gode Zone', 'Mustahil (woreda)', 0, 0),
(550, 'Somali Region', 'Jijiga Zone', 'Ajersagora', 0, 0),
(551, 'Somali Region', 'Jijiga Zone', 'Awbere (woreda)', 0, 0),
(552, 'Somali Region', 'Jijiga Zone', 'Babille', 0, 0),
(553, 'Somali Region', 'Jijiga Zone', 'Gursum', 0, 0),
(554, 'Somali Region', 'Jijiga Zone', 'Harshin (woreda)', 0, 0),
(555, 'Somali Region', 'Jijiga Zone', 'Jijiga (woreda)', 7.016667, 39.983333),
(556, 'Somali Region', 'Jijiga Zone', 'Kebri Beyah (woreda)', 0, 0),
(557, 'Somali Region', 'Korahe Zone', 'Debeweyin', 0, 0),
(558, 'Somali Region', 'Korahe Zone', 'Kebri Dahar (woreda)', 0, 0),
(559, 'Somali Region', 'Korahe Zone', 'Shekosh (woreda)', 0, 0),
(560, 'Somali Region', 'Korahe Zone', 'Shilavo (woreda)', 0, 0),
(561, 'Somali Region', 'Liben Zone', 'Dolo Odo', 0, 0),
(562, 'Somali Region', 'Liben Zone', 'Filtu (woreda) (formley known as Liben)', 0, 0),
(563, 'Somali Region', 'Liben Zone', 'Moyale', 0, 0),
(564, 'Somali Region', 'Liben Zone', 'Udet (woreda)', 0, 0),
(565, 'Somali Region', 'Shinile Zone', 'Afdem (woreda)', 0, 0),
(566, 'Somali Region', 'Shinile Zone', 'Ayesha (woreda)', 0, 0),
(567, 'Somali Region', 'Shinile Zone', 'Dembel (woreda)', 0, 0),
(568, 'Somali Region', 'Shinile Zone', 'Erer (woreda)', 0, 0),
(569, 'Somali Region', 'Shinile Zone', 'Mieso, Somali (woreda)', 0, 0),
(570, 'Somali Region', 'Shinile Zone', 'Shinile (woreda)', 0, 0),
(571, 'Somali Region', 'Werder Zone', 'Boh (woreda)', 0, 0),
(572, 'Somali Region', 'Werder Zone', 'Danot (woreda)', 0, 0),
(573, 'Somali Region', 'Werder Zone', 'Geladin (woreda)', 0, 0),
(574, 'Somali Region', 'Werder Zone', 'Werder (woreda)', 0, 0),
(575, 'SNNPR', '--', 'Awasa (woreda)', 0, 0),
(576, 'SNNPR', '--', 'Badawacho', 0, 0),
(577, 'SNNPR', '--', 'Bena Tsemay', 0, 0),
(578, 'SNNPR', '--', 'Bench (woreda)', 0, 0),
(579, 'SNNPR', '--', 'Boreda Abaya', 0, 0),
(580, 'SNNPR', '--', 'Dita Dermalo', 0, 0),
(581, 'SNNPR', '--', 'Goro', 0, 0),
(582, 'SNNPR', '--', 'Hamer Bena', 0, 0),
(583, 'SNNPR', '--', 'Isara Tocha', 0, 0),
(584, 'SNNPR', '--', 'Konteb', 0, 0),
(585, 'SNNPR', '--', 'Loma Bosa', 0, 0),
(586, 'SNNPR', '--', 'Mareka Gena', 0, 0),
(587, 'SNNPR', '--', 'Masha Anderacha', 0, 0),
(588, 'SNNPR', '--', 'Meskanena Mareko', 0, 0),
(589, 'SNNPR', '--', 'Meinit', 0, 0),
(590, 'SNNPR', '--', 'Omo Sheleko', 0, 0),
(591, 'SNNPR', '--', 'Zala Ubamale', 0, 0),
(592, 'SNNPR', '--', 'Alaba Special Woreda', 0, 0),
(593, 'SNNPR', '--', 'Amaro Special Woreda', 0, 0),
(594, 'SNNPR', '--', 'Basketo Special Woreda', 0, 0),
(595, 'SNNPR', '--', 'Burji Special Woreda', 0, 0),
(596, 'SNNPR', '--', 'Dirashe Special Woreda', 0, 0),
(597, 'SNNPR', '--', 'Konso Special Woreda', 0, 0),
(598, 'SNNPR', '--', 'Konta Special Woreda (formerly known as Ela)', 0, 0),
(599, 'SNNPR', '--', 'Yem Special Woreda', 0, 0),
(600, 'SNNPR', 'Bench Maji Zone', 'Bero (woreda)', 0, 0),
(601, 'SNNPR', 'Bench Maji Zone', 'Debub Bench', 0, 0),
(602, 'SNNPR', 'Bench Maji Zone', 'Guraferda', 0, 0),
(603, 'SNNPR', 'Bench Maji Zone', 'Maji (woreda) (formerly known as Dizi)', 0, 0),
(604, 'SNNPR', 'Bench Maji Zone', 'Meinit Goldiya', 0, 0),
(605, 'SNNPR', 'Bench Maji Zone', 'Meinit Shasha', 0, 0),
(606, 'SNNPR', 'Bench Maji Zone', 'Mizan Aman (town)', 0, 0),
(607, 'SNNPR', 'Bench Maji Zone', 'Semien Bench', 0, 0),
(608, 'SNNPR', 'Bench Maji Zone', 'She Bench', 0, 0),
(609, 'SNNPR', 'Bench Maji Zone', 'Sheko (woreda)', 0, 0),
(610, 'SNNPR', 'Bench Maji Zone', 'Surma (woreda)', 0, 0),
(611, 'SNNPR', 'Dawro Zone', 'Gena Bosa', 0, 0),
(612, 'SNNPR', 'Dawro Zone', 'Isara (woreda)', 0, 0),
(613, 'SNNPR', 'Dawro Zone', 'Loma (woreda)', 0, 0),
(614, 'SNNPR', 'Dawro Zone', 'Mareka', 0, 0),
(615, 'SNNPR', 'Dawro Zone', 'Tocha (woreda)', 0, 0),
(616, 'SNNPR', 'Gamo Gofa Zone', 'Arba Minch (town)', 6.033333, 37.55),
(617, 'SNNPR', 'Gamo Gofa Zone', 'Arba Minch Zuria', 0, 0),
(618, 'SNNPR', 'Gamo Gofa Zone', 'Bonke', 0, 0),
(619, 'SNNPR', 'Gamo Gofa Zone', 'Boreda', 0, 0),
(620, 'SNNPR', 'Gamo Gofa Zone', 'Chencha (woreda)', 0, 0),
(621, 'SNNPR', 'Gamo Gofa Zone', 'Dita (woreda)', 0, 0),
(622, 'SNNPR', 'Gamo Gofa Zone', 'Deramalo', 0, 0),
(623, 'SNNPR', 'Gamo Gofa Zone', 'Demba Gofa', 0, 0),
(624, 'SNNPR', 'Gamo Gofa Zone', 'Geze Gofa', 0, 0),
(625, 'SNNPR', 'Gamo Gofa Zone', 'Kemba (woreda)', 0, 0),
(626, 'SNNPR', 'Gamo Gofa Zone', 'Kucha (woreda)', 0, 0),
(627, 'SNNPR', 'Gamo Gofa Zone', 'Melokoza', 0, 0),
(628, 'SNNPR', 'Gamo Gofa Zone', 'Mirab Abaya', 0, 0),
(629, 'SNNPR', 'Gamo Gofa Zone', 'Oyda', 0, 0),
(630, 'SNNPR', 'Gamo Gofa Zone', 'Sawla (town)', 0, 0),
(631, 'SNNPR', 'Gamo Gofa Zone', 'Uba Debretsehay', 0, 0),
(632, 'SNNPR', 'Gamo Gofa Zone', 'Zala (woreda)', 0, 0),
(633, 'SNNPR', 'Gedeo Zone', 'Bule', 0, 0),
(634, 'SNNPR', 'Gedeo Zone', 'Dila (town)', 13.496667, 39.475278),
(635, 'SNNPR', 'Gedeo Zone', 'Dila Zuria', 0, 0),
(636, 'SNNPR', 'Gedeo Zone', 'Gedeb', 0, 0),
(637, 'SNNPR', 'Gedeo Zone', 'Kochere', 0, 0),
(638, 'SNNPR', 'Gedeo Zone', 'Wenago (woreda)', 0, 0),
(639, 'SNNPR', 'Gedeo Zone', 'Yirgachefe (woreda)', 8.25, 34.583333),
(640, 'SNNPR', 'Gurage Zone', 'Abeshge', 0, 0),
(641, 'SNNPR', 'Gurage Zone', 'Butajira (town)', 0, 0),
(642, 'SNNPR', 'Gurage Zone', 'Cheha', 0, 0),
(643, 'SNNPR', 'Gurage Zone', 'Endegagn', 0, 0),
(644, 'SNNPR', 'Gurage Zone', 'Enemorina Eaner', 0, 0),
(645, 'SNNPR', 'Gurage Zone', 'Ezha', 0, 0),
(646, 'SNNPR', 'Gurage Zone', 'Geta (woreda)', 0, 0),
(647, 'SNNPR', 'Gurage Zone', 'Gumer', 0, 0),
(648, 'SNNPR', 'Gurage Zone', 'Kebena', 0, 0),
(649, 'SNNPR', 'Gurage Zone', 'Kokir Gedebano', 0, 0),
(650, 'SNNPR', 'Gurage Zone', 'Mareko (woreda)', 0, 0),
(651, 'SNNPR', 'Gurage Zone', 'Meskane', 0, 0),
(652, 'SNNPR', 'Gurage Zone', 'Muhor Na Aklil', 0, 0),
(653, 'SNNPR', 'Gurage Zone', 'Soddo (woreda)', 0, 0),
(654, 'SNNPR', 'Gurage Zone', 'Welkite (town)', 0, 0),
(655, 'SNNPR', 'Hadiya Zone', 'Ana Lemo', 0, 0),
(656, 'SNNPR', 'Hadiya Zone', 'Duna (woreda)', 0, 0),
(657, 'SNNPR', 'Hadiya Zone', 'Gibe (woreda)', 0, 0),
(658, 'SNNPR', 'Hadiya Zone', 'Gomibora', 0, 0),
(659, 'SNNPR', 'Hadiya Zone', 'Hosaena (town)', 6.75, 38.416667),
(660, 'SNNPR', 'Hadiya Zone', 'Limo (woreda)', 0, 0),
(661, 'SNNPR', 'Hadiya Zone', 'Mirab Badawacho', 0, 0),
(662, 'SNNPR', 'Hadiya Zone', 'Misha (woreda)', 0, 0),
(663, 'SNNPR', 'Hadiya Zone', 'Misraq Badawacho', 0, 0),
(664, 'SNNPR', 'Hadiya Zone', 'Shashogo', 0, 0),
(665, 'SNNPR', 'Hadiya Zone', 'Soro (woreda)', 0, 0),
(666, 'SNNPR', 'Keffa Zone', 'Bita', 0, 0),
(667, 'SNNPR', 'Keffa Zone', 'Bonga (town)', 0, 0),
(668, 'SNNPR', 'Keffa Zone', 'Chena (woreda)', 0, 0),
(669, 'SNNPR', 'Keffa Zone', 'Cheta (woreda)', 0, 0),
(670, 'SNNPR', 'Keffa Zone', 'Decha', 0, 0),
(671, 'SNNPR', 'Keffa Zone', 'Gesha', 0, 0),
(672, 'SNNPR', 'Keffa Zone', 'Gewata', 0, 0),
(673, 'SNNPR', 'Keffa Zone', 'Ginbo', 0, 0),
(674, 'SNNPR', 'Keffa Zone', 'Menjiwo', 0, 0),
(675, 'SNNPR', 'Keffa Zone', 'Sayilem', 0, 0),
(676, 'SNNPR', 'Keffa Zone', 'Telo', 0, 0),
(677, 'SNNPR', 'Kembata Tembaro Zone', 'Angacha (woreda)', 0, 0),
(678, 'SNNPR', 'Kembata Tembaro Zone', 'Damboya (woreda)', 0, 0),
(679, 'SNNPR', 'Kembata Tembaro Zone', 'Doyogena (woreda)', 0, 0),
(680, 'SNNPR', 'Kembata Tembaro Zone', 'Durame (town)', 0, 0),
(681, 'SNNPR', 'Kembata Tembaro Zone', 'Hadero Tunto', 0, 0),
(682, 'SNNPR', 'Kembata Tembaro Zone', 'Kacha Bira', 0, 0),
(683, 'SNNPR', 'Kembata Tembaro Zone', 'Kedida Gamela', 0, 0),
(684, 'SNNPR', 'Kembata Tembaro Zone', 'Tembaro', 0, 0),
(685, 'SNNPR', 'Sheka Zone', 'Anderacha (woreda)', 0, 0),
(686, 'SNNPR', 'Sheka Zone', 'Masha (woreda)', 0, 0),
(687, 'SNNPR', 'Sheka Zone', 'Yeki', 0, 0),
(688, 'SNNPR', 'Sidama Zone', 'Aleta Wendo (woreda)', 0, 0),
(689, 'SNNPR', 'Sidama Zone', 'Arbegona (woreda)', 0, 0),
(690, 'SNNPR', 'Sidama Zone', 'Aroresa', 0, 0),
(691, 'SNNPR', 'Sidama Zone', 'Awasa Zuria', 0, 0),
(692, 'SNNPR', 'Sidama Zone', 'Bensa', 0, 0),
(693, 'SNNPR', 'Sidama Zone', 'Bona Zuria', 0, 0),
(694, 'SNNPR', 'Sidama Zone', 'Boricha (woreda)', 0, 0),
(695, 'SNNPR', 'Sidama Zone', 'Bursa (woreda)', 0, 0),
(696, 'SNNPR', 'Sidama Zone', 'Chere (woreda)', 0, 0),
(697, 'SNNPR', 'Sidama Zone', 'Chuko (woreda)', 0, 0),
(698, 'SNNPR', 'Sidama Zone', 'Dale (woreda)', 0, 0),
(699, 'SNNPR', 'Sidama Zone', 'Dara (woreda)', 0, 0),
(700, 'SNNPR', 'Sidama Zone', 'Gorche', 0, 0),
(701, 'SNNPR', 'Sidama Zone', 'Hula (woreda)', 0, 0),
(702, 'SNNPR', 'Sidama Zone', 'Loko Abaya', 0, 0),
(703, 'SNNPR', 'Sidama Zone', 'Malga', 0, 0),
(704, 'SNNPR', 'Sidama Zone', 'Shebedino', 0, 0),
(705, 'SNNPR', 'Sidama Zone', 'Wensho', 0, 0),
(706, 'SNNPR', 'Sidama Zone', 'Wondo Genet', 0, 0),
(707, 'SNNPR', 'Silti Zone', 'Alicho Werero', 0, 0),
(708, 'SNNPR', 'Silti Zone', 'Dalocha', 0, 0),
(709, 'SNNPR', 'Silti Zone', 'Lanfro', 0, 0),
(710, 'SNNPR', 'Silti Zone', 'Mirab Azernet Berbere', 0, 0),
(711, 'SNNPR', 'Silti Zone', 'Misraq Azernet Berbere', 0, 0),
(712, 'SNNPR', 'Silti Zone', 'Sankurra', 0, 0),
(713, 'SNNPR', 'Silti Zone', 'Silte', 0, 0),
(714, 'SNNPR', 'Silti Zone', 'Wulbareg', 0, 0),
(715, 'SNNPR', 'South Omo Zone', 'Bako Gazer', 0, 0),
(716, 'SNNPR', 'South Omo Zone', 'Bena Tsemay', 0, 0),
(717, 'SNNPR', 'South Omo Zone', 'Gelila (woreda)', 0, 0),
(718, 'SNNPR', 'South Omo Zone', 'Hamer (woreda)', 0, 0),
(719, 'SNNPR', 'South Omo Zone', 'Kuraz', 0, 0),
(720, 'SNNPR', 'South Omo Zone', 'Male (woreda)', 0, 0),
(721, 'SNNPR', 'South Omo Zone', 'Nyangatom (woreda)', 0, 0),
(722, 'SNNPR', 'South Omo Zone', 'Selamago', 0, 0),
(723, 'SNNPR', 'Wolayita Zone', 'Boloso Bombe', 0, 0),
(724, 'SNNPR', 'Wolayita Zone', 'Boloso Sore', 0, 0),
(725, 'SNNPR', 'Wolayita Zone', 'Damot Gale', 0, 0),
(726, 'SNNPR', 'Wolayita Zone', 'Damot Pulasa', 0, 0),
(727, 'SNNPR', 'Wolayita Zone', 'Damot Sore', 0, 0),
(728, 'SNNPR', 'Wolayita Zone', 'Damot Weyde', 0, 0),
(729, 'SNNPR', 'Wolayita Zone', 'Diguna Fango', 0, 0),
(730, 'SNNPR', 'Wolayita Zone', 'Humbo', 0, 0),
(731, 'SNNPR', 'Wolayita Zone', 'Kindo Didaye', 0, 0),
(732, 'SNNPR', 'Wolayita Zone', 'Kindo Koysha', 0, 0),
(733, 'SNNPR', 'Wolayita Zone', 'Offa (woreda)', 0, 0),
(734, 'SNNPR', 'Wolayita Zone', 'Sodo (town)', 11.500993, 41.200983),
(735, 'SNNPR', 'Wolayita Zone', 'Sodo Zuria', 0, 0),
(736, 'SNNPR', 'Awasa Special Zone', 'Awasa', 7.05, 38.466667),
(737, 'Tigray Region', 'Central Tigray Zone', 'Abergele (woreda)', 0, 0),
(738, 'Tigray Region', 'Central Tigray Zone', 'Adwa (woreda)', 0, 0),
(739, 'Tigray Region', 'Central Tigray Zone', 'Degua Tembien', 0, 0),
(740, 'Tigray Region', 'Central Tigray Zone', 'Enticho (woreda)', 0, 0),
(741, 'Tigray Region', 'Central Tigray Zone', 'Kola Tembien', 0, 0),
(742, 'Tigray Region', 'Central Tigray Zone', 'La\'ilay Maychew', 0, 0),
(743, 'Tigray Region', 'Central Tigray Zone', 'Mereb Lehe', 0, 0),
(744, 'Tigray Region', 'Central Tigray Zone', 'Naeder Adet', 0, 0),
(745, 'Tigray Region', 'Central Tigray Zone', 'Tahtay Maychew', 0, 0),
(746, 'Tigray Region', 'Central Tigray Zone', 'Werie Lehe', 0, 0),
(747, 'Tigray Region', 'East Tigray Zone', 'Atsbi Wenberta', 0, 0),
(748, 'Tigray Region', 'East Tigray Zone', 'Ganta Afeshum', 0, 0),
(749, 'Tigray Region', 'East Tigray Zone', 'Gulomahda', 0, 0),
(750, 'Tigray Region', 'East Tigray Zone', 'Hawzen (woreda)', 0, 0),
(751, 'Tigray Region', 'East Tigray Zone', 'Irob (woreda)', 0, 0),
(752, 'Tigray Region', 'East Tigray Zone', 'Saesi Tsaedaemba', 0, 0),
(753, 'Tigray Region', 'East Tigray Zone', 'Wukro (woreda)', 0, 0),
(754, 'Tigray Region', 'North West Tigray Zone', 'Asigede Tsimbela', 0, 0),
(755, 'Tigray Region', 'North West Tigray Zone', 'La\'ilay Adiyabo', 0, 0),
(756, 'Tigray Region', 'North West Tigray Zone', 'Medebay Zana', 0, 0),
(757, 'Tigray Region', 'North West Tigray Zone', 'Tahtay Adiyabo', 0, 0),
(758, 'Tigray Region', 'North West Tigray Zone', 'Tahtay Koraro', 0, 0),
(759, 'Tigray Region', 'North West Tigray Zone', 'Tselemti', 0, 0),
(760, 'Tigray Region', 'South Tigray Zone', 'Alaje', 0, 0),
(761, 'Tigray Region', 'South Tigray Zone', 'Alamata (woreda)', 0, 0),
(762, 'Tigray Region', 'South Tigray Zone', 'Endamehoni', 0, 0),
(763, 'Tigray Region', 'South Tigray Zone', 'Ofla', 0, 0),
(764, 'Tigray Region', 'South Tigray Zone', 'Raya Azebo', 0, 0),
(765, 'Tigray Region', 'South East Tigray Zone', 'Enderta (woreda)', 0, 0),
(766, 'Tigray Region', 'South East Tigray Zone', 'Hintalo Wajirat', 0, 0),
(767, 'Tigray Region', 'South East Tigray Zone', 'Samre (woreda)', 0, 0),
(768, 'Tigray Region', 'West Tigray Zone', 'Kafta Humera', 0, 0),
(769, 'Tigray Region', 'West Tigray Zone', 'Tsegede', 0, 0),
(770, 'Tigray Region', 'West Tigray Zone', 'Wolqayt', 0, 0),
(771, 'Tigray Region', 'Mekele Special Zone', 'Mek\'ele', 10.066667, 34.533333),
(772, '', '', '', 0, 0),
(773, '', '', '', 0, 0);

-- --------------------------------------------------------

--
-- Table structure for table `news`
--

CREATE TABLE `news` (
  `id` int(11) NOT NULL,
  `title` varchar(100) NOT NULL,
  `content` text NOT NULL,
  `file` varchar(100) NOT NULL,
  `postedBy` varchar(100) NOT NULL,
  `date` date NOT NULL
) ENGINE=InnoDB DEFAULT CHARSET=latin1;

--
-- Dumping data for table `news`
--

INSERT INTO `news` (`id`, `title`, `content`, `file`, `postedBy`, `date`) VALUES
(1, 'fruit', 'Agriculture plays a critical role in the global economy. Pressure on the agricultural system will\r\nincrease with the continuing expansion of the human population. Agri-technology and precision\r\nfarming, now also termed digital agriculture, have arisen as new scientific fields that use data\r\nintense approaches to drive agricultural productivity while minimizing its environmental impact.\r\nThe data generated in modern agricultural operations is provided by a variety of different sensors that\r\nenable a better understanding of the operational environment (an interaction of dynamic crop, soil,\r\nand weather conditions) and the operation itself (machinery data), leading to more accurate and faster\r\ndecision making.\r\nMachine learning (ML) has emerged together with big data technologies and high-performance\r\ncomputing to create new opportunities to unravel, quantify, and understand data intensive processes\r\nin agricultural operational environments. Among other definitions, ML is defined as the scientific field\r\nthat gives machines the ability to learn without being strictly programmed [1]. Year by year, ML applies', 'file1', '1', '2020-03-10');

-- --------------------------------------------------------

--
-- Table structure for table `product`
--

CREATE TABLE `product` (
  `id` int(11) NOT NULL,
  `commodity` int(11) NOT NULL,
  `market` int(11) NOT NULL,
  `quantity` int(11) DEFAULT NULL,
  `priceMin` int(11) NOT NULL,
  `priceMax` int(11) NOT NULL,
  `date` date NOT NULL,
  `postedBy` varchar(50) NOT NULL,
  `status` int(11) NOT NULL DEFAULT '0',
  `approvedBy` int(11) NOT NULL
) ENGINE=InnoDB DEFAULT CHARSET=latin1;

--
-- Dumping data for table `product`
--

INSERT INTO `product` (`id`, `commodity`, `market`, `quantity`, `priceMin`, `priceMax`, `date`, `postedBy`, `status`, `approvedBy`) VALUES
(1, 1, 508, 100, 900, 1100, '2020-03-09', '2', 1, 16),
(2, 27, 454, 100, 2800, 3200, '2020-03-10', '2', 1, 16),
(3, 19, 508, 100, 980, 1300, '2020-03-20', '2', 0, 16),
(4, 1, 659, 100, 980, 1150, '2020-03-21', '2', -1, 16),
(5, 2, 241, 100, 1000, 1300, '2020-03-23', '2', 0, 16),
(6, 36, 508, 100, 650, 870, '2020-03-23', '2', 0, 16),
(7, 33, 179, 100, 1150, 1230, '2020-03-23', '18', 1, 23),
(8, 9, 179, 100, 1600, 1880, '2020-03-23', '18', 0, 23);

-- --------------------------------------------------------

--
-- Table structure for table `productdata`
--

CREATE TABLE `productdata` (
  `product_id` int(11) NOT NULL,
  `type` varchar(100) NOT NULL DEFAULT 'vegetable',
  `name` varchar(100) NOT NULL,
  `unit` varchar(100) NOT NULL DEFAULT 'kg',
  `specification` varchar(255) NOT NULL DEFAULT 'medium'
) ENGINE=InnoDB DEFAULT CHARSET=latin1;

--
-- Dumping data for table `productdata`
--

INSERT INTO `productdata` (`product_id`, `type`, `name`, `unit`, `specification`) VALUES
(1, 'fruit', 'avocado', 'kg', 'medium'),
(2, 'fruit', 'banana', 'kg', 'medium'),
(3, 'fruit', 'fig', 'kg', 'medium'),
(4, 'fruit', 'grape', 'kg', 'medium'),
(5, 'fruit', 'guave', 'kg', 'medium'),
(6, 'fruit', 'orange', 'kg', 'medium'),
(7, 'fruit', 'apple', 'kg', 'medium'),
(8, 'fruit', 'lemon', 'kg', 'medium'),
(9, 'fruit', 'mango', 'kg', 'medium'),
(10, 'fruit', 'watermelon', 'kg', 'medium'),
(11, 'fruit', 'tangerin', 'kg', 'medium'),
(12, 'fruit', 'peach', 'kg', 'medium'),
(13, 'fruit', 'pineapple', 'kg', 'medium'),
(14, 'fruit', 'passionFruit', 'kg', 'medium'),
(15, 'fruit', 'pomegranate', 'kg', 'medium'),
(16, 'fruit', 'strawberry', 'kg', 'medium'),
(17, 'fruit', 'tomato', 'kg', 'medium'),
(18, 'vegetable', 'favaBeans', 'kg', 'medium'),
(19, 'vegetable', 'kidneyBeans', 'kg', 'medium'),
(20, 'vegetable', 'lentils', 'kg', 'medium'),
(21, 'vegetable', 'pea', 'kg', 'medium'),
(22, 'vegetable', 'cabbage', 'kg', 'medium'),
(23, 'vegetable', 'collardGreens', 'kg', 'medium'),
(24, 'vegetable', 'corn', 'kg', 'medium'),
(25, 'vegetable', 'rosemary', 'kg', 'medium'),
(26, 'vegetable', 'lettuce', 'kg', 'medium'),
(27, 'vegetable', 'mushrooms', 'kg', 'medium'),
(28, 'vegetable', 'onion', 'kg', 'medium'),
(29, 'vegetable', 'garlic', 'kg', 'medium'),
(30, 'vegetable', 'pepper', 'kg', 'medium'),
(31, 'vegetable', 'jalapeno', 'kg', 'medium'),
(32, 'vegetable', 'beetroot', 'kg', 'medium'),
(33, 'vegetable', 'carrot', 'kg', 'medium'),
(34, 'vegetable', 'ginger', 'kg', 'medium'),
(35, 'vegetable', 'pumpkin', 'kg', 'medium'),
(36, 'vegetable', 'potato', 'kg', 'medium'),
(37, 'vegetable', 'sweetPotato', 'kg', 'medium');

-- --------------------------------------------------------

--
-- Table structure for table `users`
--

CREATE TABLE `users` (
  `id` int(11) NOT NULL,
  `firstName` varchar(50) NOT NULL,
  `lastName` varchar(50) NOT NULL,
  `email` varchar(50) NOT NULL,
  `phoneNo` varchar(15) NOT NULL,
  `sex` varchar(10) NOT NULL,
  `address` int(11) NOT NULL DEFAULT '1',
  `profilePic` varchar(50) NOT NULL,
  `role` varchar(50) NOT NULL,
  `marketManager` int(11) NOT NULL DEFAULT '0',
  `registrationDate` date NOT NULL,
  `userName` varchar(50) NOT NULL,
  `password` varchar(50) NOT NULL
) ENGINE=InnoDB DEFAULT CHARSET=latin1;

--
-- Dumping data for table `users`
--

INSERT INTO `users` (`id`, `firstName`, `lastName`, `email`, `phoneNo`, `sex`, `address`, `profilePic`, `role`, `marketManager`, `registrationDate`, `userName`, `password`) VALUES
(1, 'sisay', 'Damtew', 'sisay@gmail.com', '0921215699', 'male', 659, 'pic', 'admin', 0, '2020-03-08', 'sis', '123'),
(2, 'shambel', 'Mebratu', 'shambel@gmail.com', '0921215699', 'male', 508, 'pic', 'agent', 16, '2020-03-08', 'sham', '123'),
(9, 'samuel', 'eshetu', 'sam@gmail.com', '0911223344', 'male', 509, 'pic', 'user', 0, '2020-03-09', 'sam', '123'),
(10, 'ziade', 'w/silasie', 'sh@gmail.com', '0911223344', 'male', 771, 'kiya.jpg', 'user', 0, '2020-03-11', 'ziade', '123'),
(14, 'siso', 'dama', 'sh@gmail.com', '0911223344', 'male', 1, 'req.file.name', 'marketManager', 0, '2020-03-20', 'siso279', 'rosmmsnuzj'),
(15, 'siso', 'dama', 'sh@gmail.com', '0911223344', 'male', 1, 'req.file.name', 'agent', 0, '2020-03-20', 'siso271', 'ics3a6pccw'),
(16, 'mri', 'mac', 'sh@gmail.com', '0911223344', 'male', 1, 'pic', 'marketManager', 0, '2020-03-20', 'mri', '123'),
(17, 'semere', 'hiluf', 'semere@gmail.com', '0911223344', 'male', 1, 'req.file.name', 'agent', 0, '2020-03-21', 'semere', '123'),
(18, 'sura', 'chekuvera', 'sura@gmail.com', '0911223344', 'male', 179, 'req.file.name', 'agent', 23, '2020-03-21', 'sura', '123'),
(19, 'Tadele', 'Yideg', 'tade@gmail.com', '0911223344', 'male', 1, 'req.file.name', 'marketManager', 0, '2020-03-21', 'Tadele960', '56ykplwukf'),
(20, 'tedi', 'h/silasie', 'tedi@gmail.com', '0921215699', 'male', 55, 'req.file.name', 'user', 0, '2020-03-22', 'tedi', '123'),
(22, 'siso', 'dama', 'sh@gmail.com', '0911223344', 'male', 241, 'req.file.name', 'user', 0, '2020-03-23', 'www', '123'),
(23, 'selamu', 'sinebo', 'sol@gmail.com', '0911223344', 'male', 751, 'pic', 'marketManager', 0, '2020-03-23', 'sele', '123');

--
-- Indexes for dumped tables
--

--
-- Indexes for table `district`
--
ALTER TABLE `district`
  ADD PRIMARY KEY (`district_id`);

--
-- Indexes for table `news`
--
ALTER TABLE `news`
  ADD PRIMARY KEY (`id`);

--
-- Indexes for table `product`
--
ALTER TABLE `product`
  ADD PRIMARY KEY (`id`),
  ADD KEY `commodity` (`commodity`),
  ADD KEY `market` (`market`);

--
-- Indexes for table `productdata`
--
ALTER TABLE `productdata`
  ADD PRIMARY KEY (`product_id`);

--
-- Indexes for table `users`
--
ALTER TABLE `users`
  ADD PRIMARY KEY (`id`,`userName`),
  ADD KEY `address` (`address`);

--
-- AUTO_INCREMENT for dumped tables
--

--
-- AUTO_INCREMENT for table `district`
--
ALTER TABLE `district`
  MODIFY `district_id` int(11) NOT NULL AUTO_INCREMENT, AUTO_INCREMENT=774;

--
-- AUTO_INCREMENT for table `news`
--
ALTER TABLE `news`
  MODIFY `id` int(11) NOT NULL AUTO_INCREMENT, AUTO_INCREMENT=2;

--
-- AUTO_INCREMENT for table `product`
--
ALTER TABLE `product`
  MODIFY `id` int(11) NOT NULL AUTO_INCREMENT, AUTO_INCREMENT=9;

--
-- AUTO_INCREMENT for table `productdata`
--
ALTER TABLE `productdata`
  MODIFY `product_id` int(11) NOT NULL AUTO_INCREMENT, AUTO_INCREMENT=38;

--
-- AUTO_INCREMENT for table `users`
--
ALTER TABLE `users`
  MODIFY `id` int(11) NOT NULL AUTO_INCREMENT, AUTO_INCREMENT=24;

--
-- Constraints for dumped tables
--

--
-- Constraints for table `product`
--
ALTER TABLE `product`
  ADD CONSTRAINT `product_ibfk_1` FOREIGN KEY (`commodity`) REFERENCES `productdata` (`product_id`),
  ADD CONSTRAINT `product_ibfk_2` FOREIGN KEY (`market`) REFERENCES `district` (`district_id`);

--
-- Constraints for table `users`
--
ALTER TABLE `users`
  ADD CONSTRAINT `users_ibfk_1` FOREIGN KEY (`address`) REFERENCES `district` (`district_id`);
COMMIT;

/*!40101 SET CHARACTER_SET_CLIENT=@OLD_CHARACTER_SET_CLIENT */;
/*!40101 SET CHARACTER_SET_RESULTS=@OLD_CHARACTER_SET_RESULTS */;
/*!40101 SET COLLATION_CONNECTION=@OLD_COLLATION_CONNECTION */;
